url_from,domain_from,url_to,anchor,dofollow,domain_from_rank,page_from_rank,first_seen,last_seen,link_type,broken
https://belonnanotservice.ga/page-b86ceac7e9b788138ec5f7971e72afa6.html,belonnanotservice.ga,https://callavoice.com/,callavoice.com,True,352,0,2025-05-27 12:16:52 +00:00,2025-05-27 12:16:52 +00:00,backlink,
https://browseallexpireddomains.us/e578433e57f5c563e59a5bd96be1d7f1-view.html,browseallexpireddomains.us,https://callavoice.com/,callavoice.com,True,284,0,2025-04-06 15:29:33 +00:00,2025-06-27 12:56:19 +00:00,backlink,
https://thebestbacklinksavailable.click/003ddbd85387c156e47936cc778722b9-items,thebestbacklinksavailable.click,https://callavoice.com/,callavoice.com,True,271,0,2025-04-06 03:38:35 +00:00,2025-07-08 09:22:47 +00:00,backlink,
https://what-happens-next.xyz/list-f989a10d6178d721878af673c3cc4c96,what-happens-next.xyz,https://callavoice.com/,callavoice.com,True,268,0,2025-04-06 11:34:25 +00:00,2025-06-21 09:11:24 +00:00,backlink,
https://great-choice-for-pbn-domains.co.uk/2e5d5dead8a35965da631902c0e32d78-str,great-choice-for-pbn-domains.co.uk,https://callavoice.com/,callavoice.com,True,233,0,2025-03-29 18:27:57 +00:00,2025-05-28 13:29:53 +00:00,backlink,
https://agmermer.pro/1c329aba26e4592f974b589313d2c83a-domains.html,agmermer.pro,https://callavoice.com/,callavoice.com,True,231,0,2025-05-12 21:06:09 +00:00,2025-06-27 17:30:32 +00:00,backlink,
https://sergechel.info/list-e35a87140ad60c4040d5446f2c27ddf8,sergechel.info,https://callavoice.com/,callavoice.com,True,217,0,2025-06-28 04:42:49 +00:00,2025-06-28 04:42:49 +00:00,backlink,
https://mundotecnologia.info/066c5e6d9fb7a676bba151a1fe97edf3-domains.html,mundotecnologia.info,https://callavoice.com/,callavoice.com,True,208,0,2025-02-09 01:39:56 +00:00,2025-07-10 12:55:48 +00:00,backlink,
https://getwebsiteworth.com/67a0bed8f0fd56f60bb0187934109d94-l/,getwebsiteworth.com,https://callavoice.com/,callavoice.com,True,149,0,2026-03-08 06:09:07 +00:00,2026-03-08 06:09:07 +00:00,backlink,
https://pagesearch.net/67a0bed8f0fd56f60bb0187934109d94-l/,pagesearch.net,https://callavoice.com/,callavoice.com,True,132,0,2026-03-14 04:39:45 +00:00,2026-03-14 04:39:45 +00:00,backlink,
https://www.musweb.org/page-819f8b758b69ba4b9b60445932351127.html,www.musweb.org,https://callavoice.com/,callavoice.com,True,109,0,2026-02-12 04:23:50 +00:00,2026-02-12 04:23:50 +00:00,backlink,
https://booksreadr.org/page-819f8b758b69ba4b9b60445932351127.html,booksreadr.org,https://callavoice.com/,callavoice.com,True,84,0,2026-01-31 10:10:50 +00:00,2026-01-31 10:10:50 +00:00,backlink,
https://www.simplewebdirectory.com/67a0bed8f0fd56f60bb0187934109d94-l/,www.simplewebdirectory.com,https://callavoice.com/,callavoice.com,True,84,0,2026-01-16 01:00:19 +00:00,2026-01-16 01:00:19 +00:00,backlink,
https://www.websiterace.com/67a0bed8f0fd56f60bb0187934109d94-l/,www.websiterace.com,https://callavoice.com/,callavoice.com,True,83,0,2026-01-08 15:29:18 +00:00,2026-01-08 15:29:18 +00:00,backlink,
https://australianwebdirectory.pro/67a0bed8f0fd56f60bb0187934109d94-l/,australianwebdirectory.pro,https://callavoice.com/,callavoice.com,True,82,0,2025-08-07 13:59:40 +00:00,2025-09-16 09:22:12 +00:00,backlink,
https://alljobs.info/67a0bed8f0fd56f60bb0187934109d94-l/,alljobs.info,https://callavoice.com/,callavoice.com,True,79,0,2026-01-26 16:54:23 +00:00,2026-01-26 16:54:23 +00:00,backlink,
https://www.tunca.org/67a0bed8f0fd56f60bb0187934109d94-l/,www.tunca.org,https://callavoice.com/,callavoice.com,True,0,0,2026-02-27 21:02:33 +00:00,2026-02-27 21:02:33 +00:00,backlink,
https://www.wallpapers.pro/67a0bed8f0fd56f60bb0187934109d94-l/,www.wallpapers.pro,https://callavoice.com/,callavoice.com,True,0,0,2026-02-21 23:38:21 +00:00,2026-02-21 23:38:21 +00:00,backlink,
https://way2check.cv/page-819f8b758b69ba4b9b60445932351127.html,way2check.cv,https://callavoice.com/,callavoice.com,True,0,0,2026-01-30 02:01:27 +00:00,2026-01-30 02:01:27 +00:00,backlink,
https://globalecommerce.org/page-819f8b758b69ba4b9b60445932351127.html,globalecommerce.org,https://callavoice.com/,callavoice.com,True,0,0,2026-01-22 10:47:34 +00:00,2026-01-22 10:47:34 +00:00,backlink,
https://2x9.co/page-819f8b758b69ba4b9b60445932351127.html,2x9.co,https://callavoice.com/,callavoice.com,True,0,0,2025-12-05 03:52:25 +00:00,2025-12-05 03:52:25 +00:00,backlink,
https://australianwebdirectory.shop/page-819f8b758b69ba4b9b60445932351127.html,australianwebdirectory.shop,https://callavoice.com/,callavoice.com,True,0,0,2025-06-04 10:19:06 +00:00,2025-06-04 10:19:06 +00:00,backlink,
